BookCode,Sentiment_Score
22979,0.5950927894062478
22720,0.586805307310402
84987,0.5819093416821898
22722,0.5779565884247194
